Changes made at Sat Aug  9 05:58:18 UTC 2025
Changes made at Thu Nov 20 13:42:44 UTC 2025
Changes made at Thu Nov 20 14:18:00 UTC 2025
Changes made at Thu Nov 20 16:23:07 UTC 2025
Changes made at Fri Nov 21 08:24:33 UTC 2025
Changes made at Fri Nov 21 10:18:13 UTC 2025
Changes made at Fri Nov 21 14:17:12 UTC 2025
Changes made at Fri Nov 21 16:22:05 UTC 2025
Changes made at Sat Nov 22 08:20:56 UTC 2025
Changes made at Sat Nov 22 10:16:39 UTC 2025
Changes made at Sat Nov 22 14:14:13 UTC 2025
Changes made at Sat Nov 22 16:19:36 UTC 2025
